<core:FragmentDefinition xmlns:core="sap.ui.core"
                         xmlns:f="sap.ui.layout.form" xmlns="sap.m">
    <f:SimpleForm>
        <f:content>
            <Label text="Name"></Label>
            <Text text="{NAME}"></Text>
            <Label text="Type"></Label>
            <Text text="{TYPE_CODE}"></Text>
            <Label text="Price"></Label>
            <Text text="{PRICE} {CURRENCY_CODE}"></Text>
            <Label text="Health Benefits"></Label>
            <Text text="{DESCRIPTION}"></Text>
        </f:content>
    </f:SimpleForm>
</core:FragmentDefinition>      